Index,Output,Golden
0,C,C
1,E,A
2,A,A
3,B,G
4,B,A
5,A,A
6,H,A
7,B,B
8,C,C
9,A,A
10,A,A
11,C,B
12,A,A
13,B,A
14,A,A
15,E,E
16,E,E
17,A,A
18,B,B
19,A,A
20,D,D
21,A,A
22,E,C
23,B,B
24,C,C
25,D,B
26,D,F
27,B,A
28,D,D
29,D,D
30,C,A
31,A,A
32,B,B
33,B,B
34,C,C
35,B,B
36,D,D
37,A,A
38,C,C
39,A,A
40,A,A
41,B,G
42,C,A
43,A,A
44,H,A
45,B,B
46,C,C
47,A,A
48,A,A
49,B,B
50,A,A
51,A,A
52,A,A
53,E,E
54,E,E
55,A,A
56,B,B
57,A,A
58,C,D
59,B,A
60,C,C
61,B,B
62,C,C
63,E,B
64,B,F
65,B,A
66,D,D
67,A,A
68,B,B
69,B,B
70,D,D
71,C,C
72,A,A
73,E,A
74,B,G
75,C,A
76,A,A
77,B,A
78,B,B
79,C,C
80,A,A
81,E,A
82,B,B
83,A,A
84,A,A
85,A,A
86,E,E
87,B,B
88,A,A
89,B,A
90,B,A
91,E,C
92,B,B
93,D,C
94,B,B
95,D,F
96,B,A
97,D,D
98,C,A
99,B,B
100,E,I
101,E,A
102,A,A
103,F,G
104,C,A
105,C,A
106,H,A
107,B,B
108,C,C
109,A,A
110,A,A
111,C,B
112,A,A
113,A,A
114,A,A
115,E,E
116,A,A
117,B,B
118,B,C
119,C,C
120,E,B
121,D,F
122,B,A
123,D,D
124,C,A
125,H,H
126,A,A
127,A,A
128,B,G
129,C,A
130,A,A
131,B,A
132,B,B
133,B,C
134,A,A
135,A,A
136,B,B
137,A,A
138,A,A
139,A,A
140,E,E
141,A,A
142,E,C
143,C,C
144,B,B
145,B,A
146,D,D
147,C,A
148,C,C
149,A,A
150,A,A
151,F,G
152,C,A
153,A,A
154,A,A
155,B,B
156,A,A
157,B,B
158,A,A
159,A,A
160,A,A
161,D,C
162,D,D
163,A,A
164,C,C
165,A,A
166,A,A
167,B,G
168,A,A
169,A,A
170,B,A
171,B,B
172,A,A
173,B,B
174,A,A
175,A,A
176,A,A
177,C,C
178,C,C
179,A,A
180,A,A
181,B,G
182,C,A
183,C,A
184,B,A
185,B,B
186,A,A
187,B,B
188,A,A
189,A,A
190,B,C
191,C,C
192,A,A
193,A,A
194,A,A
195,C,A
196,C,A
197,B,B
198,A,A
199,B,B
200,A,A
201,A,A
202,C,C
203,B,H
204,A,A
205,A,A
206,A,A
207,A,A
208,A,A
209,B,B
210,A,A
211,B,B
212,A,A
213,C,C
214,A,H
215,A,A
216,E,A
217,A,A
218,A,A
219,B,A
220,B,B
221,A,A
222,H,H
223,A,A
224,C,A
225,A,A
226,C,A
227,B,A
228,A,B
229,A,A
230,B,B
231,A,A
232,C,A
233,A,A
234,A,A
235,B,B
236,A,A
237,B,D
238,A,A
239,C,A
240,C,A
241,B,B
242,A,A
243,C,C
244,C,A
245,A,A
246,A,A
247,B,B
248,A,A
249,H,H
250,A,A
251,C,A
252,A,A
253,B,B
254,E,A
255,H,H
256,C,A
257,A,A
258,B,B
259,A,A
260,E,E
261,B,A
262,A,A
263,B,B
264,A,A
265,E,E
266,A,A
267,B,A
268,B,B
269,A,A
270,C,C
271,A,A
272,C,A
273,B,B
274,A,A
275,C,C
276,A,A
277,A,A
278,B,B
279,A,A
280,F,F
281,A,A
282,C,A
283,B,B
284,A,A
285,E,E
286,A,A
287,C,A
288,A,A
289,C,C
290,A,A
291,A,A
292,A,A
293,E,E
294,A,A
295,A,A
296,E,A
297,H,H
298,A,A
299,A,A
300,H,H
301,A,A
302,D,D
303,A,A
304,C,C
305,A,A
306,E,E
307,A,A
308,E,E
309,A,A
310,C,C
311,A,A
312,E,E
313,A,A
314,C,C
315,A,A
316,A,E
317,A,A
318,C,C
319,A,A
320,E,E
321,A,A
322,C,I
323,A,A
324,E,E
325,A,A
326,F,F
327,B,H
328,D,D
329,E,E
330,A,I
331,E,E
332,A,H
333,B,D
334,D,H
335,C,I
336,H,H
337,C,C
338,C,D
339,C,C
340,E,E
341,D,D
342,D,D
343,E,E
344,C,C
345,C,C
346,E,E
347,H,H
348,A,I
349,E,E
350,H,H
351,C,H
352,C,D
353,E,E
354,H,H
355,E,E
356,H,H
357,C,C
358,H,H
359,E,E
360,H,H
361,H,H
362,H,H
363,E,E
364,D,D
365,B,H
366,E,E
367,A,E
368,C,C
369,C,E
370,E,E
371,H,H
372,E,E
373,A,C
374,B,H
375,C,H
376,E,E
377,H,H
378,A,B
379,B,H
380,B,C
381,C,C
382,E,F
383,H,H
384,H,H
385,B,H
386,F,F
387,E,E
388,A,D
389,D,D
390,E,E
391,A,H
392,C,C
393,C,C
394,H,H
395,D,D
396,E,E
397,A,H
398,B,H
399,H,H
400,H,H
401,D,D
402,E,I
403,C,H
404,B,D
405,C,H
406,C,C
407,C,D
408,A,C
409,E,E
410,B,D
411,E,E
412,E,E
413,A,H
414,C,C
415,H,H
416,A,F
417,D,D
418,E,E
419,A,C
420,C,I
421,E,E
422,H,H
423,D,D
424,E,E
425,H,H
426,C,C
427,H,H
428,B,H
429,B,C
430,A,H
431,C,C
432,C,C
433,B,H
434,C,C
435,E,E
436,H,H
437,B,D
438,H,H
439,C,C
440,D,D
441,D,D
442,D,D
443,B,H
444,H,H
445,D,D
446,B,D
447,E,E
448,C,H
449,B,B
450,C,C
451,H,H
452,C,H
453,A,D
454,A,D
455,A,H
456,C,I
457,E,E
458,C,D
459,H,H
460,D,D
461,D,D
462,C,C
463,C,C
464,A,H
465,H,H
466,C,C
467,C,C
468,C,C
469,E,E
470,E,E
471,B,H
472,C,C
473,C,E
474,B,H
475,B,B
476,A,H
477,A,E
478,B,C
479,C,C
480,H,H
481,D,D
482,C,D
483,E,E
484,D,D
485,D,E
486,A,H
487,E,E
488,C,C
489,C,C
490,I,I
491,C,C
492,C,C
493,A,H
494,C,H
495,F,F
496,B,H
497,E,E
498,E,E
499,E,E
500,D,D
501,C,C
502,B,D
503,D,D
504,E,E
505,E,E
506,C,E
507,C,C
508,C,C
509,C,C
510,E,E
511,A,C
512,H,H
513,E,E
514,E,H
515,H,H
516,E,E
517,D,D
518,C,H
519,C,C
520,C,C
521,A,F
522,C,C
523,H,H
524,H,H
525,E,E
526,A,H
527,D,D
528,E,E
529,A,B
530,E,E
531,A,H
532,C,C
533,B,H
534,C,C
535,C,D
536,A,D
537,H,H
538,H,H
539,F,F
540,H,H
541,D,D
542,C,C
543,A,B
544,B,H
545,B,H
546,H,H
547,A,E
548,A,C
549,D,E
550,E,E
551,B,C
552,C,I
553,E,E
554,A,H
555,C,D
556,H,H
557,H,H
558,F,F
559,B,E
560,H,H
561,E,E
562,C,C
563,E,E
564,E,E
565,A,E
566,D,D
567,E,E
568,C,D
569,F,F
570,C,C
571,H,H
572,C,H
573,E,E
574,C,I
575,H,H
576,A,H
577,C,C
578,D,D
579,C,C
580,H,H
581,E,E
582,C,C
583,D,D
584,F,H
585,A,F
586,E,E
587,A,F
588,E,E
589,E,E
590,D,D
591,C,C
592,C,C
593,E,E
594,A,E
595,A,H
596,C,C
597,C,C
598,C,C
599,C,C
600,E,E
601,H,H
602,C,H
603,H,H
604,C,C
605,B,C
606,E,E
607,B,D
608,H,H
609,H,H
610,B,C
611,B,H
612,D,D
613,C,D
614,D,D
615,H,H
616,C,C
617,A,H
618,F,F
619,E,E
620,H,H
621,C,C
622,C,I
623,A,E
624,H,H
625,C,C
626,D,D
627,E,E
628,C,C
629,D,D
630,H,H
631,D,D
632,C,C
633,C,C
634,E,E
635,B,H
636,H,H
637,C,C
638,C,C
639,B,C
640,D,D
641,E,E
642,B,H
643,C,C
644,E,E
645,D,H
646,D,D
647,C,C
648,C,E
649,E,E
650,H,H
651,B,D
652,B,H
653,E,E
654,E,E
655,B,H
656,H,H
657,H,H
658,B,H
659,C,C
660,E,E
661,E,E
662,F,F
663,A,D
664,H,H
665,C,C
666,E,E
667,A,B
668,D,E
669,D,D
670,H,H
671,C,C
672,D,D
673,B,C
674,E,E
675,B,D
676,D,D
677,H,H
678,E,E
679,B,C
680,H,H
681,E,E
682,E,E
683,C,C
684,D,D
685,H,H
686,H,H
687,E,E
688,A,H
689,B,D
690,B,H
691,C,C
692,H,H
693,B,D
694,H,H
695,D,D
696,B,C
697,E,E
698,C,C
699,B,H
700,A,I
701,C,C
702,C,C
703,E,E
704,A,C
705,C,C
706,D,D
707,E,E
708,C,C
709,E,E
710,A,F
711,C,F
712,A,C
713,E,E
714,C,D
715,C,I
716,A,H
717,C,C
718,H,H
719,H,H
720,C,E
721,C,C
722,E,E
723,B,D
724,C,C
725,C,H
726,C,C
727,D,D
728,H,H
729,C,I
730,A,F
731,C,C
732,B,H
733,C,D
734,D,E
735,C,C
736,A,D
737,F,F
738,H,H
739,C,C
740,C,C
741,C,C
742,C,C
743,C,C
744,C,C
745,H,H
746,C,H
747,E,E
748,C,C
749,D,F
750,D,D
751,E,I
752,E,E
753,D,E
754,H,H
755,C,C
756,H,H
757,A,H
758,H,H
759,C,C
760,H,H
761,H,H
762,E,E
763,C,C
764,D,D
765,E,E
766,A,H
767,H,H
768,C,C
769,H,H
770,E,E
771,A,H
772,C,C
773,C,C
774,C,C
775,H,H
776,H,H
777,A,C
778,A,H
779,B,H
780,C,C
781,F,F
782,D,D
783,E,E
784,C,D
785,E,E
786,C,C
787,B,D
788,B,E
789,B,D
790,E,E
791,E,E
792,A,D
793,E,E
794,C,C
795,C,C
796,F,F
797,C,D
798,C,C
799,E,F
800,H,H
801,C,C
802,H,H
803,A,H
804,E,E
805,A,C
806,C,C
807,C,C
808,C,C
809,H,H
810,H,H
811,C,C
812,D,D
813,E,H
814,C,C
815,C,C
816,H,H
817,H,H
818,E,E
819,C,C
820,C,C
821,E,E
822,D,D
823,E,E
824,F,F
825,A,F
826,D,D
827,C,C
828,C,C
829,C,C
830,D,F
831,C,C
832,B,H
833,F,F
834,B,C
835,E,E
836,D,I
837,D,D
838,H,H
839,D,D
840,A,C
841,E,E
842,C,C
843,C,C
844,A,H
845,H,H
846,C,C
847,C,C
848,C,C
849,E,A
850,A,A
851,B,G
852,B,A
853,A,A
854,H,A
855,B,B
856,C,C
857,A,A
858,A,A
859,C,B
860,A,A
861,B,A
862,A,A
863,E,E
864,E,E
865,A,A
866,B,B
867,A,A
868,D,D
869,A,A
870,E,C
871,B,B
872,C,C
873,D,B
874,D,F
875,B,A
876,D,D
877,D,D
878,C,A
879,A,A
880,B,B
881,B,B
882,C,C
883,B,B
884,D,D
885,A,A
886,C,C
887,A,A
888,A,A
889,B,G
890,C,A
891,A,A
892,H,A
893,B,B
894,C,C
895,A,A
896,A,A
897,B,B
898,A,A
899,A,A
900,A,A
901,E,E
902,E,E
903,A,A
904,B,B
905,A,A
906,C,D
907,B,A
908,C,C
909,B,B
910,C,C
911,E,B
912,B,F
913,B,A
914,D,D
915,A,A
916,B,B
917,B,B
918,D,D
919,C,C
920,A,A
921,E,A
922,B,G
923,C,A
924,A,A
925,B,A
926,B,B
927,C,C
928,A,A
929,E,A
930,B,B
931,A,A
932,A,A
933,A,A
934,E,E
935,B,B
936,A,A
937,B,A
938,B,A
939,E,C
940,B,B
941,D,C
942,B,B
943,D,F
944,B,A
945,D,D
946,C,A
947,B,B
948,E,I
949,E,A
950,A,A
951,F,G
952,C,A
953,C,A
954,H,A
955,B,B
956,C,C
957,A,A
958,A,A
959,C,B
960,A,A
961,A,A
962,A,A
963,E,E
964,A,A
965,B,B
966,B,C
967,C,C
968,E,B
969,D,F
970,B,A
971,D,D
972,C,A
973,H,H
974,A,A
975,A,A
976,B,G
977,C,A
978,A,A
979,B,A
980,B,B
981,B,C
982,A,A
983,A,A
984,B,B
985,A,A
986,A,A
987,A,A
988,E,E
989,A,A
990,E,C
991,C,C
992,B,B
993,B,A
994,D,D
995,C,A
996,C,C
997,A,A
998,A,A
999,F,G
1000,C,A
1001,A,A
1002,A,A
1003,B,B
1004,A,A
1005,B,B
1006,A,A
1007,A,A
1008,A,A
1009,D,C
1010,D,D
1011,A,A
1012,C,C
1013,A,A
1014,A,A
1015,B,G
1016,A,A
1017,A,A
1018,B,A
1019,B,B
1020,A,A
1021,B,B
1022,A,A
1023,A,A
1024,A,A
1025,C,C
1026,C,C
1027,A,A
1028,A,A
1029,B,G
1030,C,A
1031,C,A
1032,B,A
1033,B,B
1034,A,A
1035,B,B
1036,A,A
1037,A,A
1038,B,C
1039,C,C
1040,A,A
1041,A,A
1042,A,A
1043,C,A
1044,C,A
1045,B,B
1046,A,A
1047,B,B
1048,A,A
1049,A,A
1050,C,C
1051,B,H
1052,A,A
1053,A,A
1054,A,A
1055,A,A
1056,A,A
1057,B,B
1058,A,A
1059,B,B
1060,A,A
1061,C,C
1062,A,H
1063,A,A
1064,E,A
1065,A,A
1066,A,A
1067,B,A
1068,B,B
1069,A,A
1070,H,H
1071,A,A
1072,C,A
1073,A,A
1074,C,A
1075,B,A
1076,A,B
1077,A,A
1078,B,B
1079,A,A
1080,C,A
1081,A,A
1082,A,A
1083,B,B
1084,A,A
1085,B,D
1086,A,A
1087,C,A
1088,C,A
1089,B,B
1090,A,A
1091,C,C
1092,C,A
1093,A,A
1094,A,A
1095,B,B
1096,A,A
1097,H,H
1098,A,A
1099,C,A
1100,A,A
1101,B,B
1102,E,A
1103,H,H
1104,C,A
1105,A,A
1106,B,B
1107,A,A
1108,E,E
1109,B,A
1110,A,A
1111,B,B
1112,A,A
1113,E,E
1114,A,A
1115,B,A
1116,B,B
1117,A,A
1118,C,C
1119,A,A
1120,C,A
1121,B,B
1122,A,A
1123,C,C
1124,A,A
1125,A,A
1126,B,B
1127,A,A
1128,F,F
1129,A,A
1130,C,A
1131,B,B
1132,A,A
1133,E,E
1134,A,A
1135,C,A
1136,A,A
1137,C,C
1138,A,A
1139,A,A
1140,A,A
1141,E,E
1142,A,A
1143,A,A
1144,E,A
1145,H,H
1146,A,A
1147,A,A
1148,H,H
1149,A,A
1150,D,D
1151,A,A
1152,C,C
1153,A,A
1154,E,E
1155,A,A
1156,E,E
1157,A,A
1158,C,C
1159,A,A
1160,E,E
1161,A,A
1162,C,C
1163,A,A
1164,A,E
1165,A,A
1166,C,C
1167,A,A
1168,E,E
1169,A,A
1170,C,I
1171,A,A
1172,E,E
1173,A,A
1174,F,F
1175,B,H
1176,D,D
1177,E,E
1178,A,I
1179,E,E
1180,A,H
1181,B,D
1182,D,H
1183,C,I
1184,H,H
1185,C,C
1186,C,D
1187,C,C
1188,E,E
1189,D,D
1190,D,D
1191,E,E
1192,C,C
1193,C,C
1194,E,E
1195,H,H
1196,A,I
1197,E,E
1198,H,H
1199,C,H
1200,C,D
1201,E,E
1202,H,H
1203,E,E
1204,H,H
1205,C,C
1206,H,H
1207,E,E
1208,H,H
1209,H,H
1210,H,H
1211,E,E
1212,D,D
1213,B,H
1214,E,E
1215,A,E
1216,C,C
1217,C,E
1218,E,E
1219,H,H
1220,E,E
1221,A,C
1222,B,H
1223,C,H
1224,E,E
1225,H,H
1226,A,B
1227,B,H
1228,B,C
1229,C,C
1230,E,F
1231,H,H
1232,H,H
1233,B,H
1234,F,F
1235,E,E
1236,A,D
1237,D,D
1238,E,E
1239,A,H
1240,C,C
1241,C,C
1242,H,H
1243,D,D
1244,E,E
1245,A,H
1246,B,H
1247,H,H
1248,H,H
1249,D,D
1250,E,I
1251,C,H
1252,B,D
1253,C,H
1254,C,C
1255,C,D
1256,A,C
1257,E,E
1258,B,D
1259,E,E
1260,E,E
1261,A,H
1262,C,C
1263,H,H
1264,A,F
1265,D,D
1266,E,E
1267,A,C
1268,C,I
1269,E,E
1270,H,H
1271,D,D
1272,E,E
1273,H,H
1274,C,C
1275,H,H
1276,B,H
1277,B,C
1278,A,H
1279,C,C
1280,C,C
1281,B,H
1282,C,C
1283,E,E
1284,H,H
1285,B,D
1286,H,H
1287,C,C
1288,D,D
1289,D,D
1290,D,D
1291,B,H
1292,H,H
1293,D,D
1294,B,D
1295,E,E
1296,C,H
1297,B,B
1298,C,C
1299,H,H
1300,C,H
1301,A,D
1302,A,D
1303,A,H
1304,C,I
1305,E,E
1306,C,D
1307,H,H
1308,D,D
1309,D,D
1310,C,C
1311,C,C
1312,A,H
1313,H,H
1314,C,C
1315,C,C
1316,C,C
1317,E,E
1318,E,E
1319,B,H
1320,C,C
1321,C,E
1322,B,H
1323,B,B
1324,A,H
1325,A,E
1326,B,C
1327,C,C
1328,H,H
1329,D,D
1330,C,D
1331,E,E
1332,D,D
1333,D,E
1334,A,H
1335,E,E
1336,C,C
1337,C,C
1338,I,I
1339,C,C
1340,C,C
1341,A,H
1342,C,H
1343,F,F
1344,B,H
1345,E,E
1346,E,E
1347,E,E
1348,D,D
1349,C,C
1350,B,D
1351,D,D
1352,E,E
1353,E,E
1354,C,E
1355,C,C
1356,C,C
1357,C,C
1358,E,E
1359,A,C
1360,H,H
1361,E,E
1362,E,H
1363,H,H
1364,E,E
1365,D,D
1366,C,H
1367,C,C
1368,C,C
1369,A,F
1370,C,C
1371,H,H
1372,H,H
1373,E,E
1374,A,H
1375,D,D
1376,E,E
1377,A,B
1378,E,E
1379,A,H
1380,C,C
1381,B,H
1382,C,C
1383,C,D
1384,A,D
1385,H,H
1386,H,H
1387,F,F
1388,H,H
1389,D,D
1390,C,C
1391,A,B
1392,B,H
1393,B,H
1394,H,H
1395,A,E
1396,A,C
1397,D,E
1398,E,E
1399,B,C
1400,C,I
1401,E,E
1402,A,H
1403,C,D
1404,H,H
1405,H,H
1406,F,F
1407,B,E
1408,H,H
1409,E,E
1410,C,C
1411,E,E
1412,E,E
1413,A,E
1414,D,D
1415,E,E
1416,C,D
1417,F,F
1418,C,C
1419,H,H
1420,C,H
1421,E,E
1422,C,I
1423,H,H
1424,A,H
1425,C,C
1426,D,D
1427,C,C
1428,H,H
1429,E,E
1430,C,C
1431,D,D
1432,F,H
1433,A,F
1434,E,E
1435,A,F
1436,E,E
1437,E,E
1438,D,D
1439,C,C
1440,C,C
1441,E,E
1442,A,E
1443,A,H
1444,C,C
1445,C,C
1446,C,C
1447,C,C
1448,E,E
1449,H,H
1450,C,H
1451,H,H
1452,C,C
1453,B,C
1454,E,E
1455,B,D
1456,H,H
1457,H,H
1458,B,C
1459,B,H
1460,D,D
1461,C,D
1462,D,D
1463,H,H
1464,C,C
1465,A,H
1466,F,F
1467,E,E
1468,H,H
1469,C,C
1470,C,I
1471,A,E
1472,H,H
1473,C,C
1474,D,D
1475,E,E
1476,C,C
1477,D,D
1478,H,H
1479,D,D
1480,C,C
1481,C,C
1482,E,E
1483,B,H
1484,H,H
1485,C,C
1486,C,C
1487,B,C
1488,D,D
1489,E,E
1490,B,H
1491,C,C
1492,E,E
1493,D,H
1494,D,D
1495,C,C
1496,C,E
1497,E,E
1498,H,H
1499,B,D
1500,B,H
1501,E,E
1502,E,E
1503,B,H
1504,H,H
1505,H,H
1506,B,H
1507,C,C
1508,E,E
1509,E,E
1510,F,F
1511,A,D
1512,H,H
1513,C,C
1514,E,E
1515,A,B
1516,D,E
1517,D,D
1518,H,H
1519,C,C
1520,D,D
1521,B,C
1522,E,E
1523,B,D
1524,D,D
1525,H,H
1526,E,E
1527,B,C
1528,H,H
1529,E,E
1530,E,E
1531,C,C
1532,D,D
1533,H,H
1534,H,H
1535,E,E
1536,A,H
1537,B,D
1538,B,H
1539,C,C
1540,H,H
1541,B,D
1542,H,H
1543,D,D
1544,B,C
1545,E,E
1546,C,C
1547,B,H
1548,A,I
1549,C,C
1550,C,C
1551,E,E
1552,A,C
1553,C,C
1554,D,D
1555,E,E
1556,C,C
1557,E,E
1558,A,F
1559,C,F
1560,A,C
1561,E,E
1562,C,D
1563,C,I
1564,A,H
1565,C,C
1566,H,H
1567,H,H
1568,C,E
1569,C,C
1570,E,E
1571,B,D
1572,C,C
1573,C,H
1574,C,C
1575,D,D
1576,H,H
1577,C,I
1578,A,F
1579,C,C
1580,B,H
1581,C,D
1582,D,E
1583,C,C
1584,A,D
1585,F,F
1586,H,H
1587,C,C
1588,C,C
1589,C,C
1590,C,C
1591,C,C
1592,C,C
1593,H,H
1594,C,H
1595,E,E
1596,C,C
1597,D,F
1598,D,D
1599,E,I
1600,E,E
1601,D,E
1602,H,H
1603,C,C
1604,H,H
1605,A,H
1606,H,H
1607,C,C
1608,H,H
1609,H,H
1610,E,E
1611,C,C
1612,D,D
1613,E,E
1614,A,H
1615,H,H
1616,C,C
1617,H,H
1618,E,E
1619,A,H
1620,C,C
1621,C,C
1622,C,C
1623,H,H
1624,H,H
1625,A,C
1626,A,H
1627,B,H
1628,C,C
1629,F,F
1630,D,D
1631,E,E
1632,C,D
1633,E,E
1634,C,C
1635,B,D
1636,B,E
1637,B,D
1638,E,E
1639,E,E
1640,A,D
1641,E,E
1642,C,C
1643,C,C
1644,F,F
1645,C,D
1646,C,C
1647,E,F
1648,H,H
1649,C,C
1650,H,H
1651,A,H
1652,E,E
1653,A,C
1654,C,C
1655,C,C
1656,C,C
1657,H,H
1658,H,H
1659,C,C
1660,D,D
1661,E,H
1662,C,C
1663,C,C
1664,H,H
1665,H,H
1666,E,E
1667,C,C
1668,C,C
1669,E,E
1670,D,D
1671,E,E
1672,F,F
1673,A,F
1674,D,D
1675,C,C
1676,C,C
1677,C,C
1678,D,F
1679,C,C
1680,B,H
1681,F,F
1682,B,C
1683,E,E
1684,D,I
1685,D,D
1686,H,H
1687,D,D
1688,A,C
1689,E,E
1690,C,C
1691,C,C
1692,A,H
1693,H,H
1694,C,C
1695,C,C
1696,C,C
1697,E,A
1698,A,A
1699,B,G
1700,B,A
1701,A,A
1702,A,A
1703,B,B
1704,C,C
1705,B,A
1706,A,A
1707,C,B
1708,A,A
1709,B,A
1710,A,A
1711,E,E
1712,E,E
1713,A,A
1714,B,B
1715,A,A
1716,D,D
1717,A,A
1718,E,C
1719,B,B
1720,C,C
1721,D,B
1722,D,F
1723,B,A
1724,D,D
1725,D,D
1726,C,A
1727,A,A
1728,B,B
1729,B,B
1730,C,C
1731,B,B
1732,D,D
1733,A,A
1734,C,C
1735,A,A
1736,A,A
1737,B,G
1738,C,A
1739,A,A
1740,I,A
1741,B,B
1742,C,C
1743,B,A
1744,A,A
1745,B,B
1746,A,A
1747,A,A
1748,A,A
1749,E,E
1750,E,E
1751,A,A
1752,B,B
1753,A,A
1754,C,D
1755,B,A
1756,C,C
1757,B,B
1758,C,C
1759,E,B
1760,B,F
1761,B,A
1762,D,D
1763,A,A
1764,B,B
1765,B,B
1766,D,D
1767,C,C
1768,A,A
1769,E,A
1770,B,G
1771,C,A
1772,A,A
1773,B,A
1774,B,B
1775,C,C
1776,B,A
1777,E,A
1778,B,B
1779,A,A
1780,A,A
1781,A,A
1782,E,E
1783,B,B
1784,A,A
1785,B,A
1786,B,A
1787,E,C
1788,B,B
1789,D,C
1790,B,B
1791,D,F
1792,B,A
1793,D,D
1794,C,A
1795,B,B
1796,E,J
1797,E,A
1798,A,A
1799,F,G
1800,C,A
1801,C,A
1802,A,A
1803,B,B
1804,C,C
1805,A,A
1806,A,A
1807,C,B
1808,A,A
1809,A,A
1810,A,A
1811,E,E
1812,A,A
1813,B,B
1814,B,C
1815,C,C
1816,E,B
1817,D,F
1818,B,A
1819,D,D
1820,C,A
1821,H,H
1822,A,A
1823,A,A
1824,B,G
1825,C,A
1826,A,A
1827,B,A
1828,B,B
1829,B,C
1830,B,A
1831,A,A
1832,B,B
1833,A,A
1834,A,A
1835,A,A
1836,E,E
1837,A,A
1838,E,C
1839,C,C
1840,B,B
1841,B,A
1842,D,D
1843,C,A
1844,C,C
1845,A,A
1846,A,A
1847,F,G
1848,C,A
1849,A,A
1850,A,A
1851,B,B
1852,A,A
1853,B,B
1854,A,A
1855,A,A
1856,A,A
1857,D,C
1858,D,D
1859,A,A
1860,C,C
1861,A,A
1862,A,A
1863,B,G
1864,A,A
1865,A,A
1866,B,A
1867,B,B
1868,A,A
1869,B,B
1870,A,A
1871,A,A
1872,A,A
1873,B,C
1874,C,C
1875,A,A
1876,A,A
1877,B,G
1878,C,A
1879,C,A
1880,A,A
1881,B,B
1882,A,A
1883,B,B
1884,A,A
1885,A,A
1886,B,C
1887,C,C
1888,A,A
1889,A,A
1890,A,A
1891,C,A
1892,C,A
1893,B,B
1894,A,A
1895,B,B
1896,A,A
1897,A,A
1898,C,C
1899,B,H
1900,A,A
1901,A,A
1902,A,A
1903,A,A
1904,A,A
1905,B,B
1906,A,A
1907,B,B
1908,A,A
1909,C,C
1910,A,H
1911,A,A
1912,E,A
1913,A,A
1914,A,A
1915,B,A
1916,B,B
1917,A,A
1918,H,H
1919,A,A
1920,C,A
1921,A,A
1922,C,A
1923,B,A
1924,A,B
1925,A,A
1926,C,C
1927,A,A
1928,C,A
1929,A,A
1930,A,A
1931,B,B
1932,A,A
1933,B,D
1934,A,A
1935,C,A
1936,C,A
1937,B,B
1938,A,A
1939,C,C
1940,C,A
1941,A,A
1942,A,A
1943,B,B
1944,A,A
1945,H,H
1946,A,A
1947,C,A
1948,A,A
1949,B,B
1950,E,A
1951,H,H
1952,C,A
1953,A,A
1954,B,B
1955,A,A
1956,E,E
1957,B,A
1958,A,A
1959,B,B
1960,A,A
1961,E,E
1962,A,A
1963,B,A
1964,B,B
1965,A,A
1966,C,C
1967,A,A
1968,C,A
1969,B,B
1970,A,A
1971,C,C
1972,A,A
1973,A,A
1974,B,B
1975,A,A
1976,F,F
1977,A,A
1978,C,A
1979,B,B
1980,A,A
1981,E,E
1982,A,A
1983,C,A
1984,A,A
1985,C,C
1986,A,A
1987,A,A
1988,A,A
1989,E,E
1990,A,A
1991,A,A
1992,E,A
1993,H,H
1994,A,A
1995,A,A
1996,H,H
1997,A,A
1998,D,D
1999,A,A
2000,C,C
2001,A,A
2002,E,E
2003,A,A
2004,E,E
2005,A,A
2006,C,C
2007,A,A
2008,E,E
2009,A,A
2010,C,C
2011,A,A
2012,A,E
2013,A,A
2014,C,C
2015,A,A
2016,E,E
2017,A,A
2018,C,I
2019,A,A
2020,E,E
2021,A,A
2022,F,F
2023,B,I
2024,D,D
2025,E,E
2026,A,J
2027,E,E
2028,A,I
2029,B,D
2030,D,H
2031,C,J
2032,I,I
2033,C,C
2034,C,D
2035,C,C
2036,E,E
2037,D,D
2038,D,D
2039,E,E
2040,C,C
2041,C,C
2042,E,E
2043,H,H
2044,A,I
2045,E,E
2046,I,I
2047,C,J
2048,C,D
2049,E,E
2050,H,H
2051,E,E
2052,H,H
2053,C,C
2054,I,I
2055,E,E
2056,I,I
2057,H,H
2058,H,H
2059,E,E
2060,D,D
2061,B,H
2062,E,E
2063,A,E
2064,C,C
2065,C,E
2066,E,E
2067,H,H
2068,E,E
2069,A,C
2070,B,H
2071,C,J
2072,E,E
2073,H,H
2074,A,C
2075,B,I
2076,B,C
2077,C,C
2078,E,F
2079,H,H
2080,H,H
2081,B,H
2082,F,F
2083,E,E
2084,A,D
2085,D,D
2086,E,E
2087,A,I
2088,C,C
2089,C,C
2090,A,I
2091,D,D
2092,E,E
2093,A,I
2094,B,J
2095,H,H
2096,H,H
2097,D,D
2098,E,I
2099,C,J
2100,B,D
2101,C,J
2102,C,C
2103,C,D
2104,A,C
2105,E,E
2106,B,D
2107,E,E
2108,E,E
2109,A,I
2110,C,C
2111,H,H
2112,A,F
2113,D,D
2114,E,E
2115,A,C
2116,C,I
2117,E,E
2118,H,H
2119,D,D
2120,E,E
2121,I,I
2122,C,C
2123,A,I
2124,B,H
2125,B,C
2126,B,I
2127,C,C
2128,C,C
2129,B,H
2130,C,C
2131,E,E
2132,I,I
2133,B,D
2134,H,H
2135,C,C
2136,D,D
2137,D,D
2138,D,D
2139,B,H
2140,H,H
2141,D,D
2142,B,D
2143,E,E
2144,C,J
2145,C,C
2146,C,C
2147,H,H
2148,C,J
2149,A,D
2150,A,D
2151,A,I
2152,C,I
2153,E,E
2154,C,D
2155,H,H
2156,D,D
2157,D,D
2158,C,C
2159,C,C
2160,A,I
2161,H,H
2162,C,C
2163,C,C
2164,C,C
2165,E,E
2166,E,E
2167,B,H
2168,C,C
2169,C,E
2170,B,H
2171,B,B
2172,A,I
2173,A,E
2174,B,C
2175,C,C
2176,H,H
2177,D,D
2178,C,D
2179,E,E
2180,D,D
2181,D,E
2182,A,I
2183,E,E
2184,C,C
2185,C,C
2186,J,J
2187,C,C
2188,C,C
2189,A,I
2190,C,J
2191,F,F
2192,D,I
2193,E,E
2194,E,E
2195,E,E
2196,D,D
2197,C,C
2198,B,D
2199,D,D
2200,E,E
2201,E,E
2202,C,E
2203,C,C
2204,C,C
2205,C,C
2206,E,E
2207,A,C
2208,H,H
2209,E,E
2210,E,H
2211,H,H
2212,E,E
2213,D,D
2214,C,J
2215,C,C
2216,C,C
2217,A,F
2218,C,C
2219,I,I
2220,H,H
2221,E,E
2222,A,I
2223,D,D
2224,E,E
2225,A,B
2226,E,E
2227,A,I
2228,C,C
2229,B,H
2230,C,C
2231,C,D
2232,A,D
2233,H,H
2234,H,H
2235,F,F
2236,H,H
2237,D,D
2238,C,C
2239,A,B
2240,B,I
2241,B,I
2242,H,H
2243,A,E
2244,A,C
2245,D,E
2246,E,E
2247,B,C
2248,C,I
2249,E,E
2250,A,I
2251,C,D
2252,H,H
2253,H,H
2254,F,F
2255,B,E
2256,H,H
2257,E,E
2258,C,C
2259,E,E
2260,E,E
2261,A,E
2262,D,D
2263,E,E
2264,C,D
2265,F,F
2266,C,C
2267,H,H
2268,C,J
2269,E,E
2270,C,I
2271,H,H
2272,A,I
2273,C,C
2274,D,D
2275,C,C
2276,H,H
2277,E,E
2278,C,C
2279,D,D
2280,F,H
2281,A,F
2282,E,E
2283,A,F
2284,E,E
2285,E,E
2286,D,D
2287,C,C
2288,C,C
2289,E,E
2290,A,E
2291,A,I
2292,C,C
2293,C,C
2294,C,C
2295,C,C
2296,E,E
2297,H,H
2298,C,J
2299,H,H
2300,C,C
2301,B,C
2302,E,E
2303,B,D
2304,H,H
2305,H,H
2306,B,C
2307,B,H
2308,D,D
2309,C,D
2310,D,D
2311,I,I
2312,C,C
2313,A,I
2314,F,F
2315,E,E
2316,H,H
2317,C,C
2318,C,I
2319,A,E
2320,H,H
2321,C,C
2322,D,D
2323,E,E
2324,C,C
2325,D,D
2326,H,H
2327,D,D
2328,C,C
2329,C,C
2330,E,E
2331,B,H
2332,E,J
2333,C,C
2334,C,C
2335,B,C
2336,D,D
2337,E,E
2338,B,H
2339,C,C
2340,E,E
2341,D,H
2342,D,D
2343,C,C
2344,C,E
2345,E,E
2346,H,H
2347,B,D
2348,B,J
2349,E,E
2350,E,E
2351,B,H
2352,H,H
2353,H,H
2354,B,H
2355,C,C
2356,E,E
2357,E,E
2358,F,F
2359,A,D
2360,H,H
2361,C,C
2362,E,E
2363,A,B
2364,D,E
2365,D,D
2366,H,H
2367,C,C
2368,D,D
2369,B,C
2370,E,E
2371,B,D
2372,D,D
2373,H,H
2374,E,E
2375,B,C
2376,H,H
2377,E,E
2378,E,E
2379,C,C
2380,D,D
2381,H,H
2382,B,J
2383,E,E
2384,A,I
2385,B,D
2386,B,H
2387,C,C
2388,H,H
2389,B,D
2390,H,H
2391,D,D
2392,B,C
2393,E,E
2394,C,C
2395,B,H
2396,A,J
2397,C,C
2398,C,C
2399,E,E
2400,A,C
2401,C,C
2402,D,D
2403,E,E
2404,C,C
2405,E,E
2406,A,F
2407,C,F
2408,A,C
2409,E,E
2410,C,D
2411,C,I
2412,A,I
2413,C,C
2414,H,H
2415,H,H
2416,C,E
2417,C,C
2418,E,E
2419,B,D
2420,C,C
2421,C,J
2422,C,C
2423,D,D
2424,H,H
2425,C,J
2426,A,F
2427,C,C
2428,B,H
2429,C,D
2430,D,E
2431,C,C
2432,A,D
2433,F,F
2434,H,H
2435,C,C
2436,C,C
2437,C,C
2438,C,C
2439,C,C
2440,C,C
2441,H,H
2442,C,J
2443,E,E
2444,C,C
2445,D,F
2446,D,D
2447,E,J
2448,E,E
2449,D,E
2450,H,H
2451,C,C
2452,I,I
2453,A,I
2454,H,H
2455,C,C
2456,I,I
2457,J,J
2458,E,E
2459,C,C
2460,D,D
2461,E,E
2462,A,I
2463,H,H
2464,C,C
2465,I,I
2466,E,E
2467,A,I
2468,C,C
2469,C,C
2470,C,C
2471,H,H
2472,I,I
2473,A,C
2474,A,I
2475,B,I
2476,C,C
2477,F,F
2478,D,D
2479,E,E
2480,C,D
2481,E,E
2482,C,C
2483,B,D
2484,B,E
2485,B,D
2486,E,E
2487,E,E
2488,A,D
2489,E,E
2490,C,C
2491,C,C
2492,F,F
2493,C,D
2494,C,C
2495,E,F
2496,H,H
2497,C,C
2498,I,I
2499,A,I
2500,E,E
2501,A,C
2502,C,C
2503,C,C
2504,C,C
2505,H,H
2506,H,H
2507,C,C
2508,D,D
2509,E,I
2510,C,C
2511,C,C
2512,H,H
2513,H,H
2514,E,E
2515,C,C
2516,C,C
2517,E,E
2518,D,D
2519,E,E
2520,F,F
2521,A,F
2522,D,D
2523,C,C
2524,C,C
2525,C,C
2526,D,F
2527,C,C
2528,B,H
2529,F,F
2530,B,C
2531,E,E
2532,D,J
2533,D,D
2534,I,I
2535,D,D
2536,A,C
2537,E,E
2538,C,C
2539,C,C
2540,A,I
2541,H,H
2542,C,C
2543,C,C
2544,C,C
2545,E,A
2546,A,A
2547,B,G
2548,B,A
2549,A,A
2550,H,A
2551,B,B
2552,C,C
2553,A,A
2554,A,A
2555,C,B
2556,A,A
2557,B,A
2558,A,A
2559,E,E
2560,E,E
2561,A,A
2562,B,B
2563,A,A
2564,D,D
2565,A,A
2566,E,C
2567,B,B
2568,C,C
2569,D,B
2570,D,F
2571,B,A
2572,D,D
2573,D,D
2574,C,A
2575,A,A
2576,B,B
2577,B,B
2578,C,C
2579,B,B
2580,D,D
2581,A,A
2582,C,C
2583,A,A
2584,A,A
2585,B,G
2586,C,A
2587,A,A
2588,H,A
2589,B,B
2590,C,C
2591,A,A
2592,A,A
2593,B,B
2594,A,A
2595,A,A
2596,A,A
2597,E,E
2598,E,E
2599,A,A
2600,B,B
2601,A,A
2602,C,D
2603,B,A
2604,C,C
2605,B,B
2606,C,C
2607,E,B
2608,B,F
2609,B,A
2610,D,D
2611,A,A
2612,B,B
2613,B,B
2614,D,D
2615,C,C
2616,A,A
2617,E,A
2618,B,G
2619,C,A
2620,A,A
2621,B,A
2622,B,B
2623,C,C
2624,A,A
2625,E,A
2626,B,B
2627,A,A
2628,A,A
2629,A,A
2630,E,E
2631,B,B
2632,A,A
2633,B,A
2634,B,A
2635,E,C
2636,B,B
2637,D,C
2638,B,B
2639,D,F
2640,B,A
2641,D,D
2642,C,A
2643,B,B
2644,E,I
2645,E,A
2646,A,A
2647,F,G
2648,C,A
2649,C,A
2650,H,A
2651,B,B
2652,C,C
2653,A,A
2654,A,A
2655,C,B
2656,A,A
2657,A,A
2658,A,A
2659,E,E
2660,A,A
2661,B,B
2662,B,C
2663,C,C
2664,E,B
2665,D,F
2666,B,A
2667,D,D
2668,C,A
2669,H,H
2670,A,A
2671,A,A
2672,B,G
2673,C,A
2674,A,A
2675,B,A
2676,B,B
2677,B,C
2678,A,A
2679,A,A
2680,B,B
2681,A,A
2682,A,A
2683,A,A
2684,E,E
2685,A,A
2686,E,C
2687,C,C
2688,B,B
2689,B,A
2690,D,D
2691,C,A
2692,C,C
2693,A,A
2694,A,A
2695,F,G
2696,C,A
2697,A,A
2698,A,A
2699,B,B
2700,A,A
2701,B,B
2702,A,A
2703,A,A
2704,A,A
2705,D,C
2706,D,D
2707,A,A
2708,C,C
2709,A,A
2710,A,A
2711,B,G
2712,A,A
2713,A,A
2714,B,A
2715,B,B
2716,A,A
2717,B,B
2718,A,A
2719,A,A
2720,A,A
2721,C,C
2722,C,C
2723,A,A
2724,A,A
2725,B,G
2726,C,A
2727,C,A
2728,B,A
2729,B,B
2730,A,A
2731,B,B
2732,A,A
2733,A,A
2734,B,C
2735,C,C
2736,A,A
2737,A,A
2738,A,A
2739,C,A
2740,C,A
2741,B,B
2742,A,A
2743,B,B
2744,A,A
2745,A,A
2746,C,C
2747,B,H
2748,A,A
2749,A,A
2750,A,A
2751,A,A
2752,A,A
2753,B,B
2754,A,A
2755,B,B
2756,A,A
2757,C,C
2758,A,H
2759,A,A
2760,E,A
2761,A,A
2762,A,A
2763,B,A
2764,B,B
2765,A,A
2766,H,H
2767,A,A
2768,C,A
2769,A,A
2770,C,A
2771,B,A
2772,A,B
2773,A,A
2774,B,B
2775,A,A
2776,C,A
2777,A,A
2778,A,A
2779,B,B
2780,A,A
2781,B,D
2782,A,A
2783,C,A
2784,C,A
2785,B,B
2786,A,A
2787,C,C
2788,C,A
2789,A,A
2790,A,A
2791,B,B
2792,A,A
2793,H,H
2794,A,A
2795,C,A
2796,A,A
2797,B,B
2798,E,A
2799,H,H
2800,C,A
2801,A,A
2802,B,B
2803,A,A
2804,E,E
2805,B,A
2806,A,A
2807,B,B
2808,A,A
2809,E,E
2810,A,A
2811,B,A
2812,B,B
2813,A,A
2814,C,C
2815,A,A
2816,C,A
2817,B,B
2818,A,A
2819,C,C
2820,A,A
2821,A,A
2822,B,B
2823,A,A
2824,F,F
2825,A,A
2826,C,A
2827,B,B
2828,A,A
2829,E,E
2830,A,A
2831,C,A
2832,A,A
2833,C,C
2834,A,A
2835,A,A
2836,A,A
2837,E,E
2838,A,A
2839,A,A
2840,E,A
2841,H,H
2842,A,A
2843,A,A
2844,H,H
2845,A,A
2846,D,D
2847,A,A
2848,C,C
2849,A,A
2850,E,E
2851,A,A
2852,E,E
2853,A,A
2854,C,C
2855,A,A
2856,E,E
2857,A,A
2858,C,C
2859,A,A
2860,A,E
2861,A,A
2862,C,C
2863,A,A
2864,E,E
2865,A,A
2866,C,I
2867,A,A
2868,E,E
2869,A,A
2870,F,F
2871,B,H
2872,D,D
2873,E,E
2874,A,I
2875,E,E
2876,A,H
2877,B,D
2878,D,H
2879,C,I
2880,H,H
2881,C,C
2882,C,D
2883,C,C
2884,E,E
2885,D,D
2886,D,D
2887,E,E
2888,C,C
2889,C,C
2890,E,E
2891,H,H
2892,A,I
2893,E,E
2894,H,H
2895,C,H
2896,C,D
2897,E,E
2898,H,H
2899,E,E
2900,H,H
2901,C,C
2902,H,H
2903,E,E
2904,H,H
2905,H,H
2906,H,H
2907,E,E
2908,D,D
2909,B,H
2910,E,E
2911,A,E
2912,C,C
2913,C,E
2914,E,E
2915,H,H
2916,E,E
2917,A,C
2918,B,H
2919,C,H
2920,E,E
2921,H,H
2922,A,B
2923,B,H
2924,B,C
2925,C,C
2926,E,F
2927,H,H
2928,H,H
2929,B,H
2930,F,F
2931,E,E
2932,A,D
2933,D,D
2934,E,E
2935,A,H
2936,C,C
2937,C,C
2938,H,H
2939,D,D
2940,E,E
2941,A,H
2942,B,H
2943,H,H
2944,H,H
2945,D,D
2946,E,I
2947,C,H
2948,B,D
2949,C,H
2950,C,C
2951,C,D
2952,A,C
2953,E,E
2954,B,D
2955,E,E
2956,E,E
2957,A,H
2958,C,C
2959,H,H
2960,A,F
2961,D,D
2962,E,E
2963,A,C
2964,C,I
2965,E,E
2966,H,H
2967,D,D
2968,E,E
2969,H,H
2970,C,C
2971,H,H
2972,B,H
2973,B,C
2974,A,H
2975,C,C
2976,C,C
2977,B,H
2978,C,C
2979,E,E
2980,H,H
2981,B,D
2982,H,H
2983,C,C
2984,D,D
2985,D,D
2986,D,D
2987,B,H
2988,H,H
2989,D,D
2990,B,D
2991,E,E
2992,C,H
2993,B,B
2994,C,C
2995,H,H
2996,C,H
2997,A,D
2998,A,D
2999,A,H
3000,C,I
3001,E,E
3002,C,D
3003,H,H
3004,D,D
3005,D,D
3006,C,C
3007,C,C
3008,A,H
3009,H,H
3010,C,C
3011,C,C
3012,C,C
3013,E,E
3014,E,E
3015,B,H
3016,C,C
3017,C,E
3018,B,H
3019,B,B
3020,A,H
3021,A,E
3022,B,C
3023,C,C
3024,H,H
3025,D,D
3026,C,D
3027,E,E
3028,D,D
3029,D,E
3030,A,H
3031,E,E
3032,C,C
3033,C,C
3034,I,I
3035,C,C
3036,C,C
3037,A,H
3038,C,H
3039,F,F
3040,B,H
3041,E,E
3042,E,E
3043,E,E
3044,D,D
3045,C,C
3046,B,D
3047,D,D
3048,E,E
3049,E,E
3050,C,E
3051,C,C
3052,C,C
3053,C,C
3054,E,E
3055,A,C
3056,H,H
3057,E,E
3058,E,H
3059,H,H
3060,E,E
3061,D,D
3062,C,H
3063,C,C
3064,C,C
3065,A,F
3066,C,C
3067,H,H
3068,H,H
3069,E,E
3070,A,H
3071,D,D
3072,E,E
3073,A,B
3074,E,E
3075,A,H
3076,C,C
3077,B,H
3078,C,C
3079,C,D
3080,A,D
3081,H,H
3082,H,H
3083,F,F
3084,H,H
3085,D,D
3086,C,C
3087,A,B
3088,B,H
3089,B,H
3090,H,H
3091,A,E
3092,A,C
3093,D,E
3094,E,E
3095,B,C
3096,C,I
3097,E,E
3098,A,H
3099,C,D
3100,H,H
3101,H,H
3102,F,F
3103,B,E
3104,H,H
3105,E,E
3106,C,C
3107,E,E
3108,E,E
3109,A,E
3110,D,D
3111,E,E
3112,C,D
3113,F,F
3114,C,C
3115,H,H
3116,C,H
3117,E,E
3118,C,I
3119,H,H
3120,A,H
3121,C,C
3122,D,D
3123,C,C
3124,H,H
3125,E,E
3126,C,C
3127,D,D
3128,F,H
3129,A,F
3130,E,E
3131,A,F
3132,E,E
3133,E,E
3134,D,D
3135,C,C
3136,C,C
3137,E,E
3138,A,E
3139,A,H
3140,C,C
3141,C,C
3142,C,C
3143,C,C
3144,E,E
3145,H,H
3146,C,H
3147,H,H
3148,C,C
3149,B,C
3150,E,E
3151,B,D
3152,H,H
3153,H,H
3154,B,C
3155,B,H
3156,D,D
3157,C,D
3158,D,D
3159,H,H
3160,C,C
3161,A,H
3162,F,F
3163,E,E
3164,H,H
3165,C,C
3166,C,I
3167,A,E
3168,H,H
3169,C,C
3170,D,D
3171,E,E
3172,C,C
3173,D,D
3174,H,H
3175,D,D
3176,C,C
3177,C,C
3178,E,E
3179,B,H
3180,H,H
3181,C,C
3182,C,C
3183,B,C
3184,D,D
3185,E,E
3186,B,H
3187,C,C
3188,E,E
3189,D,H
3190,D,D
3191,C,C
3192,C,E
3193,E,E
3194,H,H
3195,B,D
3196,B,H
3197,E,E
3198,E,E
3199,B,H
3200,H,H
3201,H,H
3202,B,H
3203,C,C
3204,E,E
3205,E,E
3206,F,F
3207,A,D
3208,H,H
3209,C,C
3210,E,E
3211,A,B
3212,D,E
3213,D,D
3214,H,H
3215,C,C
3216,D,D
3217,B,C
3218,E,E
3219,B,D
3220,D,D
3221,H,H
3222,E,E
3223,B,C
3224,H,H
3225,E,E
3226,E,E
3227,C,C
3228,D,D
3229,H,H
3230,H,H
3231,E,E
3232,A,H
3233,B,D
3234,B,H
3235,C,C
3236,H,H
3237,B,D
3238,H,H
3239,D,D
3240,B,C
3241,E,E
3242,C,C
3243,B,H
3244,A,I
3245,C,C
3246,C,C
3247,E,E
3248,A,C
3249,C,C
3250,D,D
3251,E,E
3252,C,C
3253,E,E
3254,A,F
3255,C,F
3256,A,C
3257,E,E
3258,C,D
3259,C,I
3260,A,H
3261,C,C
3262,H,H
3263,H,H
3264,C,E
3265,C,C
3266,E,E
3267,B,D
3268,C,C
3269,C,H
3270,C,C
3271,D,D
3272,H,H
3273,C,I
3274,A,F
3275,C,C
3276,B,H
3277,C,D
3278,D,E
3279,C,C
3280,A,D
3281,F,F
3282,H,H
3283,C,C
3284,C,C
3285,C,C
3286,C,C
3287,C,C
3288,C,C
3289,H,H
3290,C,H
3291,E,E
3292,C,C
3293,D,F
3294,D,D
3295,E,I
3296,E,E
3297,D,E
3298,H,H
3299,C,C
3300,H,H
3301,A,H
3302,H,H
3303,C,C
3304,H,H
3305,H,H
3306,E,E
3307,C,C
3308,D,D
3309,E,E
3310,A,H
3311,H,H
3312,C,C
3313,H,H
3314,E,E
3315,A,H
3316,C,C
3317,C,C
3318,C,C
3319,H,H
3320,H,H
3321,A,C
3322,A,H
3323,B,H
3324,C,C
3325,F,F
3326,D,D
3327,E,E
3328,C,D
3329,E,E
3330,C,C
3331,B,D
3332,B,E
3333,B,D
3334,E,E
3335,E,E
3336,A,D
3337,E,E
3338,C,C
3339,C,C
3340,F,F
3341,C,D
3342,C,C
3343,E,F
3344,H,H
3345,C,C
3346,H,H
3347,A,H
3348,E,E
3349,A,C
3350,C,C
3351,C,C
3352,C,C
3353,H,H
3354,H,H
3355,C,C
3356,D,D
3357,E,H
3358,C,C
3359,C,C
3360,H,H
3361,H,H
3362,E,E
3363,C,C
3364,C,C
3365,E,E
3366,D,D
3367,E,E
3368,F,F
3369,A,F
3370,D,D
3371,C,C
3372,C,C
3373,C,C
3374,D,F
3375,C,C
3376,B,H
3377,F,F
3378,B,C
3379,E,E
3380,D,I
3381,D,D
3382,H,H
3383,D,D
3384,A,C
3385,E,E
3386,C,C
3387,C,C
3388,A,H
3389,H,H
3390,C,C
3391,C,C
3392,C,C
3393,E,A
3394,A,A
3395,B,G
3396,B,A
3397,A,A
3398,H,A
3399,B,B
3400,C,C
3401,A,A
3402,A,A
3403,C,B
3404,A,A
3405,B,A
3406,A,A
3407,E,E
3408,E,E
3409,A,A
3410,B,B
3411,A,A
3412,D,D
3413,A,A
3414,E,C
3415,B,B
3416,C,C
3417,D,B
3418,D,F
3419,B,A
3420,D,D
3421,D,D
3422,C,A
3423,A,A
3424,B,B
3425,B,B
3426,C,C
3427,B,B
3428,D,D
3429,A,A
3430,C,C
3431,A,A
3432,A,A
3433,B,G
3434,C,A
3435,A,A
3436,H,A
3437,B,B
3438,C,C
3439,A,A
3440,A,A
3441,B,B
3442,A,A
3443,A,A
3444,A,A
3445,E,E
3446,E,E
3447,A,A
3448,B,B
3449,A,A
3450,C,D
3451,B,A
3452,C,C
3453,B,B
3454,C,C
3455,E,B
3456,B,F
3457,B,A
3458,D,D
3459,A,A
3460,B,B
3461,B,B
3462,D,D
3463,C,C
3464,A,A
3465,E,A
3466,B,G
3467,C,A
3468,A,A
3469,B,A
3470,B,B
3471,C,C
3472,A,A
3473,E,A
3474,B,B
3475,A,A
3476,A,A
3477,A,A
3478,E,E
3479,B,B
3480,A,A
3481,B,A
3482,B,A
3483,E,C
3484,B,B
3485,D,C
3486,B,B
3487,D,F
3488,B,A
3489,D,D
3490,C,A
3491,B,B
3492,E,I
3493,E,A
3494,A,A
3495,F,G
3496,C,A
3497,C,A
3498,H,A
3499,B,B
3500,C,C
3501,A,A
3502,A,A
3503,C,B
3504,A,A
3505,A,A
3506,A,A
3507,E,E
3508,A,A
3509,B,B
3510,B,C
3511,C,C
3512,E,B
3513,D,F
3514,B,A
3515,D,D
3516,C,A
3517,H,H
3518,A,A
3519,A,A
3520,B,G
3521,C,A
3522,A,A
3523,B,A
3524,B,B
3525,B,C
3526,A,A
3527,A,A
3528,B,B
3529,A,A
3530,A,A
3531,A,A
3532,E,E
3533,A,A
3534,E,C
3535,C,C
3536,B,B
3537,B,A
3538,D,D
3539,C,A
3540,C,C
3541,A,A
3542,A,A
3543,F,G
3544,C,A
3545,A,A
3546,A,A
3547,B,B
3548,A,A
3549,B,B
3550,A,A
3551,A,A
3552,A,A
3553,D,C
3554,D,D
3555,A,A
3556,C,C
3557,A,A
3558,A,A
3559,B,G
3560,A,A
3561,A,A
3562,B,A
3563,B,B
3564,A,A
3565,B,B
3566,A,A
3567,A,A
3568,A,A
3569,C,C
3570,C,C
3571,A,A
3572,A,A
3573,B,G
3574,C,A
3575,C,A
3576,B,A
3577,B,B
3578,A,A
3579,B,B
3580,A,A
3581,A,A
3582,B,C
3583,C,C
3584,A,A
3585,A,A
3586,A,A
3587,C,A
3588,C,A
3589,B,B
3590,A,A
3591,B,B
3592,A,A
3593,A,A
3594,C,C
3595,B,H
3596,A,A
3597,A,A
3598,A,A
3599,A,A
3600,A,A
3601,B,B
3602,A,A
3603,B,B
3604,A,A
3605,C,C
3606,A,H
3607,A,A
3608,E,A
3609,A,A
3610,A,A
3611,B,A
3612,B,B
3613,A,A
3614,H,H
3615,A,A
3616,C,A
3617,A,A
3618,C,A
3619,B,A
3620,A,B
3621,A,A
3622,B,B
3623,A,A
3624,C,A
3625,A,A
3626,A,A
3627,B,B
3628,A,A
3629,B,D
3630,A,A
3631,C,A
3632,C,A
3633,B,B
3634,A,A
3635,C,C
3636,C,A
3637,A,A
3638,A,A
3639,B,B
3640,A,A
3641,H,H
3642,A,A
3643,C,A
3644,A,A
3645,B,B
3646,E,A
3647,H,H
3648,C,A
3649,A,A
3650,B,B
3651,A,A
3652,E,E
3653,B,A
3654,A,A
3655,B,B
3656,A,A
3657,E,E
3658,A,A
3659,B,A
3660,B,B
3661,A,A
3662,C,C
3663,A,A
3664,C,A
3665,B,B
3666,A,A
3667,C,C
3668,A,A
3669,A,A
3670,B,B
3671,A,A
3672,F,F
3673,A,A
3674,C,A
3675,B,B
3676,A,A
3677,E,E
3678,A,A
3679,C,A
3680,A,A
3681,C,C
3682,A,A
3683,A,A
3684,A,A
3685,E,E
3686,A,A
3687,A,A
3688,E,A
3689,H,H
3690,A,A
3691,A,A
3692,H,H
3693,A,A
3694,D,D
3695,A,A
3696,C,C
3697,A,A
3698,E,E
3699,A,A
3700,E,E
3701,A,A
3702,C,C
3703,A,A
3704,E,E
3705,A,A
3706,C,C
3707,A,A
3708,A,E
3709,A,A
3710,C,C
3711,A,A
3712,E,E
3713,A,A
3714,C,I
3715,A,A
3716,E,E
3717,A,A
3718,F,F
3719,B,H
3720,D,D
3721,E,E
3722,A,I
3723,E,E
3724,A,H
3725,B,D
3726,D,H
3727,C,I
3728,H,H
3729,C,C
3730,C,D
3731,C,C
3732,E,E
3733,D,D
3734,D,D
3735,E,E
3736,C,C
3737,C,C
3738,E,E
3739,H,H
3740,A,I
3741,E,E
3742,H,H
3743,C,H
3744,C,D
3745,E,E
3746,H,H
3747,E,E
3748,H,H
3749,C,C
3750,H,H
3751,E,E
3752,H,H
3753,H,H
3754,H,H
3755,E,E
3756,D,D
3757,B,H
3758,E,E
3759,A,E
3760,C,C
3761,C,E
3762,E,E
3763,H,H
3764,E,E
3765,A,C
3766,B,H
3767,C,H
3768,E,E
3769,H,H
3770,A,B
3771,B,H
3772,B,C
3773,C,C
3774,E,F
3775,H,H
3776,H,H
3777,B,H
3778,F,F
3779,E,E
3780,A,D
3781,D,D
3782,E,E
3783,A,H
3784,C,C
3785,C,C
3786,H,H
3787,D,D
3788,E,E
3789,A,H
3790,B,H
3791,H,H
3792,H,H
3793,D,D
3794,E,I
3795,C,H
3796,B,D
3797,C,H
3798,C,C
3799,C,D
3800,A,C
3801,E,E
3802,B,D
3803,E,E
3804,E,E
3805,A,H
3806,C,C
3807,H,H
3808,A,F
3809,D,D
3810,E,E
3811,A,C
3812,C,I
3813,E,E
3814,H,H
3815,D,D
3816,E,E
3817,H,H
3818,C,C
3819,H,H
3820,B,H
3821,B,C
3822,A,H
3823,C,C
3824,C,C
3825,B,H
3826,C,C
3827,E,E
3828,H,H
3829,B,D
3830,H,H
3831,C,C
3832,D,D
3833,D,D
3834,D,D
3835,B,H
3836,H,H
3837,D,D
3838,B,D
3839,E,E
3840,C,H
3841,B,B
3842,C,C
3843,H,H
3844,C,H
3845,A,D
3846,A,D
3847,A,H
3848,C,I
3849,E,E
3850,C,D
3851,H,H
3852,D,D
3853,D,D
3854,C,C
3855,C,C
3856,A,H
3857,H,H
3858,C,C
3859,C,C
3860,C,C
3861,E,E
3862,E,E
3863,B,H
3864,C,C
3865,C,E
3866,B,H
3867,B,B
3868,A,H
3869,A,E
3870,B,C
3871,C,C
3872,H,H
3873,D,D
3874,C,D
3875,E,E
3876,D,D
3877,D,E
3878,A,H
3879,E,E
3880,C,C
3881,C,C
3882,I,I
3883,C,C
3884,C,C
3885,A,H
3886,C,H
3887,F,F
3888,B,H
3889,E,E
3890,E,E
3891,E,E
3892,D,D
3893,C,C
3894,B,D
3895,D,D
3896,E,E
3897,E,E
3898,C,E
3899,C,C
3900,C,C
3901,C,C
3902,E,E
3903,A,C
3904,H,H
3905,E,E
3906,E,H
3907,H,H
3908,E,E
3909,D,D
3910,C,H
3911,C,C
3912,C,C
3913,A,F
3914,C,C
3915,H,H
3916,H,H
3917,E,E
3918,A,H
3919,D,D
3920,E,E
3921,A,B
3922,E,E
3923,A,H
3924,C,C
3925,B,H
3926,C,C
3927,C,D
3928,A,D
3929,H,H
3930,H,H
3931,F,F
3932,H,H
3933,D,D
3934,C,C
3935,A,B
3936,B,H
3937,B,H
3938,H,H
3939,A,E
3940,A,C
3941,D,E
3942,E,E
3943,B,C
3944,C,I
3945,E,E
3946,A,H
3947,C,D
3948,H,H
3949,H,H
3950,F,F
3951,B,E
3952,H,H
3953,E,E
3954,C,C
3955,E,E
3956,E,E
3957,A,E
3958,D,D
3959,E,E
3960,C,D
3961,F,F
3962,C,C
3963,H,H
3964,C,H
3965,E,E
3966,C,I
3967,H,H
3968,A,H
3969,C,C
3970,D,D
3971,C,C
3972,H,H
3973,E,E
3974,C,C
3975,D,D
3976,F,H
3977,A,F
3978,E,E
3979,A,F
3980,E,E
3981,E,E
3982,D,D
3983,C,C
3984,C,C
3985,E,E
3986,A,E
3987,A,H
3988,C,C
3989,C,C
3990,C,C
3991,C,C
3992,E,E
3993,H,H
3994,C,H
3995,H,H
3996,C,C
3997,B,C
3998,E,E
3999,B,D
4000,H,H
4001,H,H
4002,B,C
4003,B,H
4004,D,D
4005,C,D
4006,D,D
4007,H,H
4008,C,C
4009,A,H
4010,F,F
4011,E,E
4012,H,H
4013,C,C
4014,C,I
4015,A,E
4016,H,H
4017,C,C
4018,D,D
4019,E,E
4020,C,C
4021,D,D
4022,H,H
4023,D,D
4024,C,C
4025,C,C
4026,E,E
4027,B,H
4028,H,H
4029,C,C
4030,C,C
4031,B,C
4032,D,D
4033,E,E
4034,B,H
4035,C,C
4036,E,E
4037,D,H
4038,D,D
4039,C,C
4040,C,E
4041,E,E
4042,H,H
4043,B,D
4044,B,H
4045,E,E
4046,E,E
4047,B,H
4048,H,H
4049,H,H
4050,B,H
4051,C,C
4052,E,E
4053,E,E
4054,F,F
4055,A,D
4056,H,H
4057,C,C
4058,E,E
4059,A,B
4060,D,E
4061,D,D
4062,H,H
4063,C,C
4064,D,D
4065,B,C
4066,E,E
4067,B,D
4068,D,D
4069,H,H
4070,E,E
4071,B,C
4072,H,H
4073,E,E
4074,E,E
4075,C,C
4076,D,D
4077,H,H
4078,H,H
4079,E,E
4080,A,H
4081,B,D
4082,B,H
4083,C,C
4084,H,H
4085,B,D
4086,H,H
4087,D,D
4088,B,C
4089,E,E
4090,C,C
4091,B,H
4092,A,I
4093,C,C
4094,C,C
4095,E,E
4096,A,C
4097,C,C
4098,D,D
4099,E,E
4100,C,C
4101,E,E
4102,A,F
4103,C,F
4104,A,C
4105,E,E
4106,C,D
4107,C,I
4108,A,H
4109,C,C
4110,H,H
4111,H,H
4112,C,E
4113,C,C
4114,E,E
4115,B,D
4116,C,C
4117,C,H
4118,C,C
4119,D,D
4120,H,H
4121,C,I
4122,A,F
4123,C,C
4124,B,H
4125,C,D
4126,D,E
4127,C,C
4128,A,D
4129,F,F
4130,H,H
4131,C,C
4132,C,C
4133,C,C
4134,C,C
4135,C,C
4136,C,C
4137,H,H
4138,C,H
4139,E,E
4140,C,C
4141,D,F
4142,D,D
4143,E,I
4144,E,E
4145,D,E
4146,H,H
4147,C,C
4148,H,H
4149,A,H
4150,H,H
4151,C,C
4152,H,H
4153,H,H
4154,E,E
4155,C,C
4156,D,D
4157,E,E
4158,A,H
4159,H,H
4160,C,C
4161,H,H
4162,E,E
4163,A,H
4164,C,C
4165,C,C
4166,C,C
4167,H,H
4168,H,H
4169,A,C
4170,A,H
4171,B,H
4172,C,C
4173,F,F
4174,D,D
4175,E,E
4176,C,D
4177,E,E
4178,C,C
4179,B,D
4180,B,E
4181,B,D
4182,E,E
4183,E,E
4184,A,D
4185,E,E
4186,C,C
4187,C,C
4188,F,F
4189,C,D
4190,C,C
4191,E,F
4192,H,H
4193,C,C
4194,H,H
4195,A,H
4196,E,E
4197,A,C
4198,C,C
4199,C,C
4200,C,C
4201,H,H
4202,H,H
4203,C,C
4204,D,D
4205,E,H
4206,C,C
4207,C,C
4208,H,H
4209,H,H
4210,E,E
4211,C,C
4212,C,C
4213,E,E
4214,D,D
4215,E,E
4216,F,F
4217,A,F
4218,D,D
4219,C,C
4220,C,C
4221,C,C
4222,D,F
4223,C,C
4224,B,H
4225,F,F
4226,B,C
4227,E,E
4228,D,I
4229,D,D
4230,H,H
4231,D,D
4232,A,C
4233,E,E
4234,C,C
4235,C,C
4236,A,H
4237,H,H
4238,C,C
4239,C,C
